step,t_hour,思明区
1,0.25,0.002532
2,0.5,0.002956
3,0.75,0.003337
4,1.0,0.003644
5,1.25,0.003907
6,1.5,0.004186
7,1.75,0.004485
8,2.0,0.004806
9,2.25,0.005181
10,2.5,0.005636
11,2.75,0.006154
12,3.0,0.006778
13,3.25,0.007503
14,3.5,0.008335
15,3.75,0.009278
16,4.0,0.010328
17,4.25,0.011486
18,4.5,0.012747
19,4.75,0.014104
20,5.0,0.015547
21,5.25,0.017073
22,5.5,0.018678
23,5.75,0.020351
24,6.0,0.022088
25,6.25,0.023925
26,6.5,0.025683
27,6.75,0.027494
28,7.0,0.029327
29,7.25,0.031169
30,7.5,0.033
