step,t_hour,思明区
1,0.25,0.000182
2,0.5,0.000311
3,0.75,0.000391
4,1.0,0.000401
5,1.25,0.000398
6,1.5,0.000454
7,1.75,0.000561
8,2.0,0.000715
9,2.25,0.000945
10,2.5,0.001279
11,2.75,0.001696
12,3.0,0.002244
13,3.25,0.002919
14,3.5,0.003729
15,3.75,0.004681
16,4.0,0.005774
17,4.25,0.007009
18,4.5,0.008385
19,4.75,0.009898
20,5.0,0.011541
21,5.25,0.013315
22,5.5,0.015228
23,5.75,0.017266
24,6.0,0.019438
25,6.25,0.021811
26,6.5,0.024209
27,6.75,0.026698
28,7.0,0.0293
29,7.25,0.03201
30,7.5,0.034822
