step,t_hour,思明区
1,0.25,7e-05
2,0.5,0.000294
3,0.75,0.000479
4,1.0,0.000567
5,1.25,0.000607
6,1.5,0.000739
7,1.75,0.000937
8,2.0,0.001196
9,2.25,0.001567
10,2.5,0.002117
11,2.75,0.002812
12,3.0,0.003756
13,3.25,0.005046
14,3.5,0.006601
15,3.75,0.008348
16,4.0,0.010289
17,4.25,0.012474
18,4.5,0.014868
19,4.75,0.017448
20,5.0,0.020218
21,5.25,0.02313
22,5.5,0.026176
23,5.75,0.029358
24,6.0,0.03269
25,6.25,0.036242
26,6.5,0.039764
27,6.75,0.043519
28,7.0,0.04738
29,7.25,0.051321
30,7.5,0.055337
